epoch,trial,loss,cls_loss,domain_loss,contrast_loss,accuracy,auc,tpr@fpr=0.01,fpr@tpr=0.99,hter,val_loss,val_auc,val_accuracy,val_tpr@fpr=0.01,val_fpr@tpr=0.99,val_hter
0,5,0.6946449875831604,0.6905187368392944,1.6240234375,0.4937038905918598,0.6666666666666666,0.4444444444444445,0.0,0.6666666666666666,0.8333333333333333,0.7094709757734968,0.5728078921131343,0.1544502617801047,0.0,1.0,1.0
1,5,0.6656431059042612,0.7093050479888916,1.4271240234375,-0.4228646904230118,1.0,1.0,1.0,0.0,0.0,0.7242016363206334,0.6061814556331008,0.1544502617801047,0.03389830508474576,0.9876160990712074,0.9768588969932308
0,5,0.6810646951198578,0.6842082639535269,1.6083984375,-0.11437391986449559,0.6818181818181818,0.7520661157024794,0.2727272727272727,0.9090909090909091,0.8181818181818181,0.6884897549010807,0.448695087387813,0.6559849198868991,0.0136986301369863,0.9870689655172413,0.9866851676901275
1,5,0.6833557459441099,0.6817736625671387,1.6407470703125,-0.33050529782970745,0.6363636363636364,0.7603305785123967,0.2727272727272727,0.6363636363636364,0.6818181818181819,0.6893471511999018,0.5136080932136672,0.646559849198869,0.0273972602739726,0.992816091954023,0.9827094158400251
2,5,0.6956829943440177,0.6965499420960745,1.645263671875,-0.4156588315963745,0.5,0.4545454545454546,0.09090909090909091,0.9090909090909091,0.9090909090909091,0.6954282863200778,0.5331168319949615,0.4467483506126296,0.00821917808219178,0.9870689655172413,0.9894248937175247
3,5,0.691054945642298,0.6893031001091003,1.6460774739583333,-0.4635850042104721,0.4090909090909091,0.5537190082644627,0.0,0.9090909090909091,0.9545454545454546,0.6966435259855883,0.5226027397260274,0.4410933081998115,0.00821917808219178,0.9669540229885057,0.979367422453157
0,5,0.7311143279075623,0.7304477691650391,1.6005859375,-0.9999818205833435,0.5,0.0,0.0,1.0,1.0,0.6953831360195623,0.44514661274014156,0.3484848484848485,0.0,1.0,1.0
1,5,0.6072046756744385,0.7304477691650391,1.517578125,-1.0,0.5,1.0,1.0,0.0,0.0,0.6978433511473916,0.3944641051567239,0.3484848484848485,0.0,0.9767441860465116,0.9883720930232558
