epoch,trial,loss,cls_loss,domain_loss,contrast_loss,accuracy,auc,tpr@fpr=0.01,fpr@tpr=0.99,hter,val_loss,val_auc,val_accuracy,val_tpr@fpr=0.01,val_fpr@tpr=0.99,val_hter
0,4,0.6536532568520513,0.6933079853653907,0.8199041366577149,-0.27394114281050863,0.609717868338558,0.6548579514745334,0.06583072100313479,0.9655172413793104,0.9498432601880877,0.7454100035259235,0.545336609936719,0.37871674491392804,0.08877721943048576,0.9950571516836577,0.953139966126586
1,4,0.6951493045379376,0.7060037847608328,0.3856488823890686,-0.2680800423491746,0.5172413793103449,0.5389687601340396,0.05329153605015674,0.9811912225705329,0.9639498432601881,0.5299100909201379,0.6715109374490618,0.8442879499217527,0.06365159128978225,0.9576768612913191,0.9470126350007684
2,4,0.6656027250692576,0.6791069915518164,0.4874605655670166,-0.2456442108959891,0.6159874608150471,0.6432916343196313,0.0219435736677116,0.987460815047022,0.9827586206896552,0.6384204461175635,0.6832820264436176,0.6564945226917058,0.07202680067001675,0.9768303985171455,0.9524017989235644
3,4,0.6820374572398521,0.6929512912407517,0.31304154470562934,-0.34933756007812916,0.5658307210031348,0.5823842139916078,0.0219435736677116,0.9498432601880877,0.9639498432601881,0.6262864402000271,0.6737932272835705,0.6387584767866458,0.03350083752093802,0.9070126660488106,0.9367559142639363
