epoch,trial,loss,cls_loss,domain_loss,contrast_loss,accuracy,auc,tpr@fpr=0.01,fpr@tpr=0.99,hter,val_loss,val_auc,val_accuracy,val_tpr@fpr=0.01,val_fpr@tpr=0.99,val_hter
0,1,0.6853023022413254,0.698418915271759,1.6181640625,-0.30301586240530015,0.5,0.75,0.5,0.7,0.6,0.716138755141454,0.4024429116038301,0.3451035781544256,0.001364256480218281,0.9928109273903667,0.9957233354550742
1,1,0.6670891493558884,0.7082208633422852,1.64423828125,-0.186748643219471,0.5,0.9400000000000001,0.8,0.4,0.3,0.7254504484533141,0.4317538296768448,0.3451035781544256,0.004092769440654843,0.9949676491732566,0.9954374398663008
