epoch,trial,loss,cls_loss,domain_loss,contrast_loss,accuracy,auc,tpr@fpr=0.01,fpr@tpr=0.99,hter,val_loss,val_auc,val_accuracy,val_tpr@fpr=0.01,val_fpr@tpr=0.99,val_hter
0,7,0.6840868989626566,0.6772343218326569,1.6087646484375,-0.5404912233352661,0.6666666666666666,0.6666666666666667,0.3333333333333333,0.6666666666666666,0.6666666666666667,0.6995432223949133,0.559426982211261,0.1544502617801047,0.03389830508474576,1.0,0.9830508474576272
1,7,0.6721130311489105,0.6922346949577332,1.6121826171875,-0.7154027819633484,0.8333333333333334,0.7777777777777778,0.6666666666666666,0.6666666666666666,0.5,0.7048130979400655,0.5172902345594794,0.1544502617801047,0.01694915254237288,0.9969040247678018,0.9899774361127145
0,7,0.6807169318199158,0.6922954519589742,1.5986328125,-0.5933515230814616,0.5909090909090909,0.7768595041322314,0.45454545454545453,0.8181818181818182,0.6818181818181819,0.6945511815010883,0.5096894189891357,0.34401508011310084,0.03287671232876712,0.9870689655172413,0.9770961265942371
1,7,0.6588935933329843,0.6906606058279673,1.60400390625,-0.36328308874120313,0.6818181818181818,0.9586776859504131,0.7272727272727273,0.18181818181818182,0.22727272727272727,0.6930947339725764,0.6071386395843175,0.5051837888784166,0.010958904109589041,0.9885057471264368,0.9887734215084238
0,7,0.7054579257965088,0.7055172920227051,1.5947265625,-0.9999781847000122,0.5,0.0,0.0,1.0,1.0,0.6972619733124068,0.47977755308392317,0.3484848484848485,0.0,0.9302325581395349,0.9651162790697674
1,7,0.7255859673023224,0.725628137588501,1.76611328125,-1.0,0.5,0.0,0.0,1.0,1.0,0.7004961375937317,0.5346309403437817,0.3484848484848485,0.021739130434782608,0.872093023255814,0.9251769464105157
