epoch,trial,loss,cls_loss,domain_loss,contrast_loss,accuracy,auc,tpr@fpr=0.01,fpr@tpr=0.99,hter,val_loss,val_auc,val_accuracy,val_tpr@fpr=0.01,val_fpr@tpr=0.99,val_hter
0,3,0.6886250078678131,0.6886721849441528,1.6025390625,-0.9999805688858032,0.5,1.0,1.0,0.0,0.0,0.6965443798013635,0.30625,0.13513513513513514,0.0,0.9375,0.96875
1,3,0.7315700352191925,0.7314397096633911,1.4921875,-0.9999780058860779,0.5,0.0,0.0,1.0,1.0,0.6988533799712723,0.45,0.13513513513513514,0.0,1.0,1.0
0,3,0.6937757324088704,0.695242295662562,1.59716796875,-0.4151449153820674,0.5,0.5950413223140497,0.0,0.9090909090909091,0.9545454545454546,0.6962494950155174,0.44517398834829164,0.34401508011310084,0.0027397260273972603,0.9899425287356322,0.9936014013541175
1,3,0.6668575216423381,0.6900313794612885,1.4132486979166667,-0.31727031866709393,0.5,0.9669421487603306,0.6363636363636364,0.09090909090909091,0.2272727272727273,0.7014452476303719,0.43225869941741457,0.34401508011310084,0.0027397260273972603,0.9913793103448276,0.9943197921587152
0,3,0.6735988557338715,0.673852801322937,1.5849609375,-0.9999728202819824,1.0,1.0,1.0,0.0,0.0,0.693083486773751,0.5265419615773509,0.6363636363636364,0.0,0.9651162790697675,0.9825581395348837
1,3,0.6638501286506653,0.6637026071548462,1.59130859375,-1.0,1.0,1.0,1.0,0.0,0.0,0.6930077852624835,0.5396865520728008,0.6515151515151515,0.021739130434782608,0.9418604651162791,0.9600606673407482
2,3,0.6150577962398529,0.673852801322937,1.5390625,-0.9999728202819824,1.0,1.0,1.0,0.0,0.0,0.6928960342298854,0.5165571284125379,0.6515151515151515,0.0,0.9534883720930233,0.9767441860465116
3,3,0.5531356632709503,0.6148136854171753,1.5087890625,-0.9999822378158569,1.0,1.0,1.0,0.0,0.0,0.6930943790710333,0.499747219413549,0.5909090909090909,0.0,1.0,1.0
4,3,0.5200927257537842,0.5532511472702026,1.439453125,-1.0,1.0,1.0,1.0,0.0,0.0,0.6932517258506833,0.571284125379171,0.38636363636363635,0.0,1.0,1.0
